Study_ID	IDF_File	Protocol_Index	protocol_name	protocol_type	protocol_term_source_ref	protocol_term_accession_number	protocol_description	protocol_parameters	protocol_hardware	protocol_software	protocol_contact
E-MTAB-9330	E-MTAB-9330.idf.txt	1	P-MTAB-98929	sample collection protocol	EFO	EFO_0005518	Flp-In-T-REx-293 (human, female, embryonic kidney, epithelial; Thermo Fisher Scientific) cells were cultured in high-glucose, GlutaMAX DMEM (Gibco) supplemented with 9% fetal bovine serum (Gibco) and 1x Penicillin Streptomycin (Gibco). The cells were cultivated at 37°C and 5% CO2 in a humidified incubator.				
E-MTAB-9330	E-MTAB-9330.idf.txt	2	P-MTAB-98933	treatment protocol	EFO	EFO_0003969	Generation of knockout cells using CRISPR-Cas9: The knockouts were performed using the Alt-R CRISPR-Cas9 system (Integrated DNA Technologies) and reverse transfection of a Cas9:guideRNA ribonucleoprotein complex using Lipofectamine RNAiMAX (Thermo Fisher Scientific) according to the manufacturer’s protocol. The crRNA sequence (Design ID: Hs.Cas9.SMG7.1.AD; Integrated DNA Technologies) to target SMG7 was /AlTR1/rGrArArArArUrGrCrUrArGrUrUrArCrCrGrArUrUrGrUrUrUrUrArGrArGrCrUrArUrGrCrU/AlTR2/. Reverse transfection was performed on 1.5x10^5 cells per crRNA in 12-well plates. 48 h after transfection the cells were trypsinized, counted and seeded at a mean density of a single cell per well in 96-well plates. Cell colonies originating from a single clone were then screened via Western blot and genome editing of SMG7 was analyzed on the genomic level via DNA extraction and Sanger sequencing. Alterations on the transcript level were analyzed via RNA extraction followed by reverse transcription and Sanger sequencing. siRNA-mediated knockdowns: Cells were seeded in 6-well plates at a density of 2- 3x10^5 cells per well and reverse transfected using 2.5 µl Lipofectamine RNAiMAX and 60 pmol of the respective siRNA(s) according to the manufacturer’s instructions. siRNA were purchased from Integrated DNA Technologies and had the following targeting sequence: for Luciferase (Luc): 5′CGUACGCGGAAUACUUCGA-3′; for SMG5: 5′ GAAGGAAAUUGGUUGAUAC-3′; for SMG6: 5′ GGGUCACAGUGCUGAAGUA-3′.				
E-MTAB-9330	E-MTAB-9330.idf.txt	3	P-MTAB-98932	nucleic acid sequencing protocol	EFO	EFO_0004170	The pool was quantified by using the Peqlab KAPA Library Quantification Kit and the Applied Biosystems 7900HT Sequence Detection System and sequenced on an Illumina NovaSeq6000 sequencing instrument and a PE100 protocol.		Illumina NovaSeq 6000		
E-MTAB-9330	E-MTAB-9330.idf.txt	4	P-MTAB-98931	nucleic acid library construction protocol	EFO	EFO_0004184	The library preparation was performed with the TrueSeq mRNA Stranded kit (Illumina). After poly-A selection (using poly-T oligo-attached magnetic beads), mRNA was purified and fragmented using divalent cations under elevated temperature. The RNA fragments underwent reverse transcription using random primers. This is followed by second strand cDNA synthesis with DNA Polymerase I and RNase H. After end repair and A-tailing, indexing adapters were ligated. The products were then purified and amplified to create the final cDNA libraries. After library validation and quantification (Agilent tape station), equimolar amounts of library were pooled.				
E-MTAB-9330	E-MTAB-9330.idf.txt	5	P-MTAB-98930	nucleic acid extraction protocol	EFO	EFO_0002944	RNA was isolated using peqGOLD TriFast (VWR Peqlab) following the manufacturer’s instructions. Following changes were made: Instead of 200 μl chloroform, 150 μl 1-Bromo-3-chloropropane (Molecular Research Center, Inc.) was used. RNA was resuspended in 20 μl RNase-free water.				
E-MTAB-9330	E-MTAB-9330.idf.txt	1	P-MTAB-98929	sample collection protocol	EFO	EFO_0005518	Flp-In-T-REx-293 (human, female, embryonic kidney, epithelial; Thermo Fisher Scientific) cells were cultured in high-glucose, GlutaMAX DMEM (Gibco) supplemented with 9% fetal bovine serum (Gibco) and 1x Penicillin Streptomycin (Gibco). The cells were cultivated at 37°C and 5% CO2 in a humidified incubator.				
E-MTAB-9330	E-MTAB-9330.idf.txt	2	P-MTAB-98933	treatment protocol	EFO	EFO_0003969	Generation of knockout cells using CRISPR-Cas9: The knockouts were performed using the Alt-R CRISPR-Cas9 system (Integrated DNA Technologies) and reverse transfection of a Cas9:guideRNA ribonucleoprotein complex using Lipofectamine RNAiMAX (Thermo Fisher Scientific) according to the manufacturer’s protocol. The crRNA sequence (Design ID: Hs.Cas9.SMG7.1.AD; Integrated DNA Technologies) to target SMG7 was /AlTR1/rGrArArArArUrGrCrUrArGrUrUrArCrCrGrArUrUrGrUrUrUrUrArGrArGrCrUrArUrGrCrU/AlTR2/. Reverse transfection was performed on 1.5x10^5 cells per crRNA in 12-well plates. 48 h after transfection the cells were trypsinized, counted and seeded at a mean density of a single cell per well in 96-well plates. Cell colonies originating from a single clone were then screened via Western blot and genome editing of SMG7 was analyzed on the genomic level via DNA extraction and Sanger sequencing. Alterations on the transcript level were analyzed via RNA extraction followed by reverse transcription and Sanger sequencing. siRNA-mediated knockdowns: Cells were seeded in 6-well plates at a density of 2- 3x10^5 cells per well and reverse transfected using 2.5 µl Lipofectamine RNAiMAX and 60 pmol of the respective siRNA(s) according to the manufacturer’s instructions. siRNA were purchased from Integrated DNA Technologies and had the following targeting sequence: for Luciferase (Luc): 5′CGUACGCGGAAUACUUCGA-3′; for SMG5: 5′ GAAGGAAAUUGGUUGAUAC-3′; for SMG6: 5′ GGGUCACAGUGCUGAAGUA-3′.				
E-MTAB-9330	E-MTAB-9330.idf.txt	3	P-MTAB-98932	nucleic acid sequencing protocol	EFO	EFO_0004170	The pool was quantified by using the Peqlab KAPA Library Quantification Kit and the Applied Biosystems 7900HT Sequence Detection System and sequenced on an Illumina NovaSeq6000 sequencing instrument and a PE100 protocol.		Illumina NovaSeq 6000		
E-MTAB-9330	E-MTAB-9330.idf.txt	4	P-MTAB-98931	nucleic acid library construction protocol	EFO	EFO_0004184	The library preparation was performed with the TrueSeq mRNA Stranded kit (Illumina). After poly-A selection (using poly-T oligo-attached magnetic beads), mRNA was purified and fragmented using divalent cations under elevated temperature. The RNA fragments underwent reverse transcription using random primers. This is followed by second strand cDNA synthesis with DNA Polymerase I and RNase H. After end repair and A-tailing, indexing adapters were ligated. The products were then purified and amplified to create the final cDNA libraries. After library validation and quantification (Agilent tape station), equimolar amounts of library were pooled.				
E-MTAB-9330	E-MTAB-9330.idf.txt	5	P-MTAB-98930	nucleic acid extraction protocol	EFO	EFO_0002944	RNA was isolated using peqGOLD TriFast (VWR Peqlab) following the manufacturer’s instructions. Following changes were made: Instead of 200 μl chloroform, 150 μl 1-Bromo-3-chloropropane (Molecular Research Center, Inc.) was used. RNA was resuspended in 20 μl RNase-free water.				
E-MTAB-10716	E-MTAB-10716.idf.txt	1	P-MTAB-112022	sample collection protocol	EFO	EFO_0005518	Flp-In 293 T-REx (Thermo Fisher Scientific) WT, UPF3B-KO and UPF3A-UPF3B dKO cells were maintained at 37° C, 5% CO2 and 90% humidity in Dublecco’s Modified Eagle Medium (DMEM, Thermo Fisher Scientific) supplemented with 9% fetal bovine serum (FBS) and Penicillin-Streptomycin (both Thermo Fisher Scientific). For siRNA transfection, cells were reverse transfected with 60 pmol siRNA targeting UPF3A (or Luc in the negative control) per 2 x 10^5 cells using 2.5 μl Lipofectamine RNAiMAX.				
E-MTAB-10716	E-MTAB-10716.idf.txt	2	P-MTAB-112023	nucleic acid extraction protocol	EFO	EFO_0002944	Total RNA was extracted using the Direct-zol RNA MiniPrep kit including the recommended DNase I treatment (Zymo Research) according to the manufacturer's instructions.				
E-MTAB-10716	E-MTAB-10716.idf.txt	3	P-MTAB-112024	nucleic acid library construction protocol	EFO	EFO_0004184	Ribosomal depletion and strand specific library preparation was carried out with TruSeq Stranded Total RNA (with Ribo-Zero Gold) according to the manufacturer's instructions.				
E-MTAB-10716	E-MTAB-10716.idf.txt	4	P-MTAB-112025	nucleic acid sequencing protocol	EFO	EFO_0004170	Illumina NovaSeq6000 sequencer with 2×100bp protocol, targeting approximately 50 million reads		Illumina NovaSeq 6000		
E-MTAB-10716	E-MTAB-10716.idf.txt	5	P-MTAB-112026	normalization data transformation protocol	EFO	EFO_0003816	Reads were aligned against the human genome (version 38, GENCODE release 33 transcript annotations supplemented with SIRVomeERCCome annotations from Lexogen; obtained from https://www.lexogen.com/sirvs/download/) using the STAR read aligner (version 2.7.3a).				
E-MTAB-10716	E-MTAB-10716.idf.txt	1	P-MTAB-112022	sample collection protocol	EFO	EFO_0005518	Flp-In 293 T-REx (Thermo Fisher Scientific) WT, UPF3B-KO and UPF3A-UPF3B dKO cells were maintained at 37° C, 5% CO2 and 90% humidity in Dublecco’s Modified Eagle Medium (DMEM, Thermo Fisher Scientific) supplemented with 9% fetal bovine serum (FBS) and Penicillin-Streptomycin (both Thermo Fisher Scientific). For siRNA transfection, cells were reverse transfected with 60 pmol siRNA targeting UPF3A (or Luc in the negative control) per 2 x 10^5 cells using 2.5 μl Lipofectamine RNAiMAX.				
E-MTAB-10716	E-MTAB-10716.idf.txt	2	P-MTAB-112023	nucleic acid extraction protocol	EFO	EFO_0002944	Total RNA was extracted using the Direct-zol RNA MiniPrep kit including the recommended DNase I treatment (Zymo Research) according to the manufacturer's instructions.				
E-MTAB-10716	E-MTAB-10716.idf.txt	3	P-MTAB-112024	nucleic acid library construction protocol	EFO	EFO_0004184	Ribosomal depletion and strand specific library preparation was carried out with TruSeq Stranded Total RNA (with Ribo-Zero Gold) according to the manufacturer's instructions.				
E-MTAB-10716	E-MTAB-10716.idf.txt	4	P-MTAB-112025	nucleic acid sequencing protocol	EFO	EFO_0004170	Illumina NovaSeq6000 sequencer with 2×100bp protocol, targeting approximately 50 million reads		Illumina NovaSeq 6000		
E-MTAB-10716	E-MTAB-10716.idf.txt	5	P-MTAB-112026	normalization data transformation protocol	EFO	EFO_0003816	Reads were aligned against the human genome (version 38, GENCODE release 33 transcript annotations supplemented with SIRVomeERCCome annotations from Lexogen; obtained from https://www.lexogen.com/sirvs/download/) using the STAR read aligner (version 2.7.3a).				
E-MTAB-8461	E-MTAB-8461.idf.txt	1	P-MTAB-90680	nucleic acid library construction protocol	EFO	EFO_0004184	Ribosomal depletion and strand specific library preparation was carried out with TruSeq Stranded Total RNA (with Ribo-Zero Gold) according to the manufacturer's instructions.				
E-MTAB-8461	E-MTAB-8461.idf.txt	2	P-MTAB-90681	nucleic acid sequencing protocol	EFO	EFO_0004170	Illumina NovaSeq6000 sequencer with 2×100bp protocol, targeting approximately 50 million reads		Illumina NovaSeq 6000		
E-MTAB-8461	E-MTAB-8461.idf.txt	3	P-MTAB-90678	sample collection protocol	EFO	EFO_0005518	Flp-In 293 T-REx (Thermo Fisher Scientific) WT and CASC3-KO cells were maintained at 37° C, 5% CO2 and 90% humidity in Dublecco’s Modified Eagle Medium (DMEM, Thermo Fisher Scientific) supplemented with 9% fetal bovine serum (FBS) and Penicillin-Streptomycin (both Thermo Fisher Scientific). For siRNA transfection, cells were reverse transfected with 60 pmol siRNA targeting CASC3 (or Luc in the negative control) per 2 x 10^5 cells using 2.5 μl Lipofectamine RNAiMAX.				
E-MTAB-8461	E-MTAB-8461.idf.txt	4	P-MTAB-90679	nucleic acid extraction protocol	EFO	EFO_0002944	Total RNA was extracted with NucleoSpin RNA Plus (Macherey-Nagel) according to the manufacturer's instructions.				
E-MTAB-8461	E-MTAB-8461.idf.txt	1	P-MTAB-90680	nucleic acid library construction protocol	EFO	EFO_0004184	Ribosomal depletion and strand specific library preparation was carried out with TruSeq Stranded Total RNA (with Ribo-Zero Gold) according to the manufacturer's instructions.				
E-MTAB-8461	E-MTAB-8461.idf.txt	2	P-MTAB-90681	nucleic acid sequencing protocol	EFO	EFO_0004170	Illumina NovaSeq6000 sequencer with 2×100bp protocol, targeting approximately 50 million reads		Illumina NovaSeq 6000		
E-MTAB-8461	E-MTAB-8461.idf.txt	3	P-MTAB-90678	sample collection protocol	EFO	EFO_0005518	Flp-In 293 T-REx (Thermo Fisher Scientific) WT and CASC3-KO cells were maintained at 37° C, 5% CO2 and 90% humidity in Dublecco’s Modified Eagle Medium (DMEM, Thermo Fisher Scientific) supplemented with 9% fetal bovine serum (FBS) and Penicillin-Streptomycin (both Thermo Fisher Scientific). For siRNA transfection, cells were reverse transfected with 60 pmol siRNA targeting CASC3 (or Luc in the negative control) per 2 x 10^5 cells using 2.5 μl Lipofectamine RNAiMAX.				
E-MTAB-8461	E-MTAB-8461.idf.txt	4	P-MTAB-90679	nucleic acid extraction protocol	EFO	EFO_0002944	Total RNA was extracted with NucleoSpin RNA Plus (Macherey-Nagel) according to the manufacturer's instructions.				
E-MTAB-13839	E-MTAB-13839.idf.txt	1	P-MTAB-141162	sample collection protocol	EFO	EFO_0005518	Cells were harvested and lysed by adding 400 µl Invitrogen™ TRIzol™ Reagent (Invitrogen; Cat# 15596018) to each well.				
E-MTAB-13839	E-MTAB-13839.idf.txt	2	P-MTAB-141163	nucleic acid extraction protocol	EFO	EFO_0002944	Total RNA was extracted using the Direct-zol RNA MiniPrep kit (Zymo Research; Cat# R2052) including the recommended DNase I treatment according to the manufacturer's instructions.				
E-MTAB-13839	E-MTAB-13839.idf.txt	3	P-MTAB-141164	nucleic acid library construction protocol	EFO	EFO_0004184	poly(A) mRNA isolation and library preparation was carried out with 600 ng RNA as input using the NEBNext Poly (A) mRNA magnetic isolation module (NEB; Cat#E7490L) and NEBNext Ultra II Directional RNA library preparation kit (NEB; Cat#E7760L) according to the manufacturer's instructions.				
E-MTAB-13839	E-MTAB-13839.idf.txt	4	P-MTAB-141165	nucleic acid sequencing protocol	EFO	EFO_0004170	The pool was quantified by using the KAPA Library Quantification Kit and sequenced on an Illumina NovaSeq6000 sequencer with 28+150bp protocol, targeting approximately 20 million reads.		Illumina NovaSeq 6000		
E-MTAB-13839	E-MTAB-13839.idf.txt	5	P-MTAB-141166	growth protocol	EFO	EFO_0003789	Control, N-AID-UPF1 and C-AID-UPF1-tagged HCT116 cell lines were maintained at 37°C and 5% CO2 in a humidified incubator in McCoy's 5A (Modified) Medium (Gibco), supplemented with 10% fetal bovine serum (Gibco) and 2 mM L-glutamine (Gibco).				
E-MTAB-13839	E-MTAB-13839.idf.txt	6	P-MTAB-141167	treatment protocol	EFO	EFO_0003969	3x10^5 cells were seeded in 24-well plates one day before starting the depletion experiment. UPF1 depletion was induced with 500 µM indole-3-acetic acid (IAA; Sigma-Aldrich; Cat# I5148) at various time points during the experiment (between 0 and 12 hours before harvesting). All cells were harvested at the same time to minimize differences in cell numbers.				
E-MTAB-13839	E-MTAB-13839.idf.txt	7	P-MTAB-141168	normalization data transformation protocol	EFO	EFO_0003816	Reads were aligned against the human genome (GRCh38, GENCODE release 42 transcript annotations supplemented with SIRVomeERCCome annotations from Lexogen; obtained from https://www.lexogen.com/sirvs/download/) using the STAR read aligner (version 2.7.10b, https://github.com/alexdobin/STAR).			STAR read aligner (version 2.7.10b)	
E-MTAB-13839	E-MTAB-13839.idf.txt	1	P-MTAB-141162	sample collection protocol	EFO	EFO_0005518	Cells were harvested and lysed by adding 400 µl Invitrogen™ TRIzol™ Reagent (Invitrogen; Cat# 15596018) to each well.				
E-MTAB-13839	E-MTAB-13839.idf.txt	2	P-MTAB-141163	nucleic acid extraction protocol	EFO	EFO_0002944	Total RNA was extracted using the Direct-zol RNA MiniPrep kit (Zymo Research; Cat# R2052) including the recommended DNase I treatment according to the manufacturer's instructions.				
E-MTAB-13839	E-MTAB-13839.idf.txt	3	P-MTAB-141164	nucleic acid library construction protocol	EFO	EFO_0004184	poly(A) mRNA isolation and library preparation was carried out with 600 ng RNA as input using the NEBNext Poly (A) mRNA magnetic isolation module (NEB; Cat#E7490L) and NEBNext Ultra II Directional RNA library preparation kit (NEB; Cat#E7760L) according to the manufacturer's instructions.				
E-MTAB-13839	E-MTAB-13839.idf.txt	4	P-MTAB-141165	nucleic acid sequencing protocol	EFO	EFO_0004170	The pool was quantified by using the KAPA Library Quantification Kit and sequenced on an Illumina NovaSeq6000 sequencer with 28+150bp protocol, targeting approximately 20 million reads.		Illumina NovaSeq 6000		
E-MTAB-13839	E-MTAB-13839.idf.txt	5	P-MTAB-141166	growth protocol	EFO	EFO_0003789	Control, N-AID-UPF1 and C-AID-UPF1-tagged HCT116 cell lines were maintained at 37°C and 5% CO2 in a humidified incubator in McCoy's 5A (Modified) Medium (Gibco), supplemented with 10% fetal bovine serum (Gibco) and 2 mM L-glutamine (Gibco).				
E-MTAB-13839	E-MTAB-13839.idf.txt	6	P-MTAB-141167	treatment protocol	EFO	EFO_0003969	3x10^5 cells were seeded in 24-well plates one day before starting the depletion experiment. UPF1 depletion was induced with 500 µM indole-3-acetic acid (IAA; Sigma-Aldrich; Cat# I5148) at various time points during the experiment (between 0 and 12 hours before harvesting). All cells were harvested at the same time to minimize differences in cell numbers.				
E-MTAB-13839	E-MTAB-13839.idf.txt	7	P-MTAB-141168	normalization data transformation protocol	EFO	EFO_0003816	Reads were aligned against the human genome (GRCh38, GENCODE release 42 transcript annotations supplemented with SIRVomeERCCome annotations from Lexogen; obtained from https://www.lexogen.com/sirvs/download/) using the STAR read aligner (version 2.7.10b, https://github.com/alexdobin/STAR).			STAR read aligner (version 2.7.10b)	
E-MTAB-13788	E-MTAB-13788.idf.txt	1	P-MTAB-140992	sample collection protocol	EFO	EFO_0005518	Cells were harvested and lysed by adding 1 ml of in-house prepared TRI reagent to each well (prepared following DOI: 10.1371/journal.pbio.3000107).				
E-MTAB-13788	E-MTAB-13788.idf.txt	2	P-MTAB-140993	nucleic acid extraction protocol	EFO	EFO_0002944	Total RNA was extracted using the Direct-zol RNA MiniPrep kit (Zymo Research; Cat# R2052) including the recommended DNase I treatment according to the manufacturer's instructions.				
E-MTAB-13788	E-MTAB-13788.idf.txt	3	P-MTAB-140994	nucleic acid library construction protocol	EFO	EFO_0004184	Libraries were prepared using the Illumina Stranded TruSeq RNA sample preparation kit. ERCC RNA Spike-In Mix (Thermo Fischer) was added to the samples before library preparation. Library preparation started with 500ng total RNA. After poly-A selection (using poly-T oligo-attached magnetic beads), mRNA was purified and fragmented using divalent cations under elevated temperature. The RNA fragments underwent reverse transcription using random primers. This was followed by second strand cDNA synthesis with DNA Polymerase I and RNase H. After end repair and A-tailing, indexing adapters were ligated. The products were then purified and amplified (15 cycles) to create the final cDNA libraries. After library validation and quantification (Agilent Tape Station), equimolar amounts of library were pooled.				
E-MTAB-13788	E-MTAB-13788.idf.txt	4	P-MTAB-140995	nucleic acid sequencing protocol	EFO	EFO_0004170	The pool was quantified by using the Peqlab KAPA Library Quantification Kit and the Applied Biosystems 7900HT Sequence Detection System. The pool was sequenced on an Illumina NovaSeq6000 sequencing instrument with a PE100 protocol aiming for 75 million clusters per sample.		Illumina NovaSeq 6000		
E-MTAB-13788	E-MTAB-13788.idf.txt	5	P-MTAB-140996	growth protocol	EFO	EFO_0003789	Both control and N-AID-UPF1-tagged HCT116 cell lines were maintained at 37°C and 5% CO2 in a humidified incubator in McCoy's 5A (Modified) Medium with GlutaMAX supplement (Gibco; Cat# 36600088), supplemented with 9% fetal bovine serum (Gibco; Cat# 10270106) and 1x Penicillin-Streptomycin (Gibco; Cat# 15140122).				
E-MTAB-13788	E-MTAB-13788.idf.txt	6	P-MTAB-140997	treatment protocol	EFO	EFO_0003969	2.5x10^5 cells were seeded in 6-well plates one day before starting the depletion experiment. UPF1 depletion was induced with 500 µM indole-3-acetic acid (IAA; Sigma-Aldrich; Cat# I5148) at various time points during the experiment (between 0 and 48 hours before harvesting). For the 48-hour time point, the medium was exchanged once for fresh medium with IAA. All cells were harvested at the same time to minimize differences in cell numbers.				
E-MTAB-13788	E-MTAB-13788.idf.txt	7	P-MTAB-140998	normalization data transformation protocol	EFO	EFO_0003816	Reads were aligned against the human genome (GRCh38, GENCODE release 42 transcript annotations supplemented with SIRVomeERCCome annotations from Lexogen; obtained from https://www.lexogen.com/sirvs/download/) using the STAR read aligner (version 2.7.10b, https://github.com/alexdobin/STAR).			STAR read aligner (version 2.7.10b)	
E-MTAB-13788	E-MTAB-13788.idf.txt	1	P-MTAB-140992	sample collection protocol	EFO	EFO_0005518	Cells were harvested and lysed by adding 1 ml of in-house prepared TRI reagent to each well (prepared following DOI: 10.1371/journal.pbio.3000107).				
E-MTAB-13788	E-MTAB-13788.idf.txt	2	P-MTAB-140993	nucleic acid extraction protocol	EFO	EFO_0002944	Total RNA was extracted using the Direct-zol RNA MiniPrep kit (Zymo Research; Cat# R2052) including the recommended DNase I treatment according to the manufacturer's instructions.				
E-MTAB-13788	E-MTAB-13788.idf.txt	3	P-MTAB-140994	nucleic acid library construction protocol	EFO	EFO_0004184	Libraries were prepared using the Illumina Stranded TruSeq RNA sample preparation kit. ERCC RNA Spike-In Mix (Thermo Fischer) was added to the samples before library preparation. Library preparation started with 500ng total RNA. After poly-A selection (using poly-T oligo-attached magnetic beads), mRNA was purified and fragmented using divalent cations under elevated temperature. The RNA fragments underwent reverse transcription using random primers. This was followed by second strand cDNA synthesis with DNA Polymerase I and RNase H. After end repair and A-tailing, indexing adapters were ligated. The products were then purified and amplified (15 cycles) to create the final cDNA libraries. After library validation and quantification (Agilent Tape Station), equimolar amounts of library were pooled.				
E-MTAB-13788	E-MTAB-13788.idf.txt	4	P-MTAB-140995	nucleic acid sequencing protocol	EFO	EFO_0004170	The pool was quantified by using the Peqlab KAPA Library Quantification Kit and the Applied Biosystems 7900HT Sequence Detection System. The pool was sequenced on an Illumina NovaSeq6000 sequencing instrument with a PE100 protocol aiming for 75 million clusters per sample.		Illumina NovaSeq 6000		
E-MTAB-13788	E-MTAB-13788.idf.txt	5	P-MTAB-140996	growth protocol	EFO	EFO_0003789	Both control and N-AID-UPF1-tagged HCT116 cell lines were maintained at 37°C and 5% CO2 in a humidified incubator in McCoy's 5A (Modified) Medium with GlutaMAX supplement (Gibco; Cat# 36600088), supplemented with 9% fetal bovine serum (Gibco; Cat# 10270106) and 1x Penicillin-Streptomycin (Gibco; Cat# 15140122).				
E-MTAB-13788	E-MTAB-13788.idf.txt	6	P-MTAB-140997	treatment protocol	EFO	EFO_0003969	2.5x10^5 cells were seeded in 6-well plates one day before starting the depletion experiment. UPF1 depletion was induced with 500 µM indole-3-acetic acid (IAA; Sigma-Aldrich; Cat# I5148) at various time points during the experiment (between 0 and 48 hours before harvesting). For the 48-hour time point, the medium was exchanged once for fresh medium with IAA. All cells were harvested at the same time to minimize differences in cell numbers.				
E-MTAB-13788	E-MTAB-13788.idf.txt	7	P-MTAB-140998	normalization data transformation protocol	EFO	EFO_0003816	Reads were aligned against the human genome (GRCh38, GENCODE release 42 transcript annotations supplemented with SIRVomeERCCome annotations from Lexogen; obtained from https://www.lexogen.com/sirvs/download/) using the STAR read aligner (version 2.7.10b, https://github.com/alexdobin/STAR).			STAR read aligner (version 2.7.10b)	
E-MTAB-13789	E-MTAB-13789.idf.txt	1	P-MTAB-156245	sample collection protocol	EFO	EFO_0005518	Cells were harvested and lysed by adding 1 ml of in-house prepared TRI reagent to each well (prepared following DOI: 10.1371/journal.pbio.3000107).				
E-MTAB-13789	E-MTAB-13789.idf.txt	2	P-MTAB-156246	nucleic acid extraction protocol	EFO	EFO_0002944	Total RNA was extracted using the Direct-zol RNA MiniPrep kit (Zymo Research; Cat# R2052) including the recommended DNase I treatment according to the manufacturer's instructions.				
E-MTAB-13789	E-MTAB-13789.idf.txt	3	P-MTAB-156247	nucleic acid library construction protocol	EFO	EFO_0004184	Libraries were prepared using the Illumina Stranded TruSeq RNA sample preparation kit. ERCC RNA Spike-In Mix (Thermo Fischer) was added to the samples before library preparation. Library preparation started with 500ng total RNA. After poly-A selection (using poly-T oligo-attached magnetic beads), mRNA was purified and fragmented using divalent cations under elevated temperature. The RNA fragments underwent reverse transcription using random primers. This was followed by second strand cDNA synthesis with DNA Polymerase I and RNase H. After end repair and A-tailing, indexing adapters were ligated. The products were then purified and amplified (15 cycles) to create the final cDNA libraries. After library validation and quantification (Agilent Tape Station), equimolar amounts of library were pooled.				
E-MTAB-13789	E-MTAB-13789.idf.txt	4	P-MTAB-156248	nucleic acid sequencing protocol	EFO	EFO_0004170	The pool was quantified by using the Peqlab KAPA Library Quantification Kit and the Applied Biosystems 7900HT Sequence Detection System. The pool was sequenced on an Illumina NovaSeq6000 sequencing instrument with a PE100 protocol aiming for 75 million clusters per sample.		Illumina NovaSeq 6000		
E-MTAB-13789	E-MTAB-13789.idf.txt	5	P-MTAB-156249	growth protocol	EFO	EFO_0003789	Both control and N-AID-UPF1-tagged HCT116 cell lines were maintained at 37°C and 5% CO2 in a humidified incubator in McCoy's 5A (Modified) Medium with GlutaMAX supplement (Gibco; Cat# 36600088), supplemented with 9% fetal bovine serum (Gibco; Cat# 10270106) and 1x Penicillin-Streptomycin (Gibco; Cat# 15140122).				
E-MTAB-13789	E-MTAB-13789.idf.txt	6	P-MTAB-156250	treatment protocol	EFO	EFO_0003969	1.25x10^5 cells were seeded in 6-well plates. UPF1 depletion was induced for 24 hours with 500 µM indole-3-acetic acid (IAA; Sigma-Aldrich; Cat# I5148). Afterwards, the cells were incubated in medium without IAA for various time points (between 0 and 48 hours before harvesting). All cells were harvested at the same time to minimize differences in cell numbers.				
E-MTAB-13789	E-MTAB-13789.idf.txt	7	P-MTAB-156251	normalization data transformation protocol	EFO	EFO_0003816	Reads were aligned against the human genome (GRCh38, GENCODE release 42 transcript annotations supplemented with SIRVomeERCCome annotations from Lexogen; obtained from https://www.lexogen.com/sirvs/download/) using the STAR read aligner (version 2.7.10b, https://github.com/alexdobin/STAR).			STAR read aligner (version 2.7.10b)	
E-MTAB-13789	E-MTAB-13789.idf.txt	1	P-MTAB-156245	sample collection protocol	EFO	EFO_0005518	Cells were harvested and lysed by adding 1 ml of in-house prepared TRI reagent to each well (prepared following DOI: 10.1371/journal.pbio.3000107).				
E-MTAB-13789	E-MTAB-13789.idf.txt	2	P-MTAB-156246	nucleic acid extraction protocol	EFO	EFO_0002944	Total RNA was extracted using the Direct-zol RNA MiniPrep kit (Zymo Research; Cat# R2052) including the recommended DNase I treatment according to the manufacturer's instructions.				
E-MTAB-13789	E-MTAB-13789.idf.txt	3	P-MTAB-156247	nucleic acid library construction protocol	EFO	EFO_0004184	Libraries were prepared using the Illumina Stranded TruSeq RNA sample preparation kit. ERCC RNA Spike-In Mix (Thermo Fischer) was added to the samples before library preparation. Library preparation started with 500ng total RNA. After poly-A selection (using poly-T oligo-attached magnetic beads), mRNA was purified and fragmented using divalent cations under elevated temperature. The RNA fragments underwent reverse transcription using random primers. This was followed by second strand cDNA synthesis with DNA Polymerase I and RNase H. After end repair and A-tailing, indexing adapters were ligated. The products were then purified and amplified (15 cycles) to create the final cDNA libraries. After library validation and quantification (Agilent Tape Station), equimolar amounts of library were pooled.				
E-MTAB-13789	E-MTAB-13789.idf.txt	4	P-MTAB-156248	nucleic acid sequencing protocol	EFO	EFO_0004170	The pool was quantified by using the Peqlab KAPA Library Quantification Kit and the Applied Biosystems 7900HT Sequence Detection System. The pool was sequenced on an Illumina NovaSeq6000 sequencing instrument with a PE100 protocol aiming for 75 million clusters per sample.		Illumina NovaSeq 6000		
E-MTAB-13789	E-MTAB-13789.idf.txt	5	P-MTAB-156249	growth protocol	EFO	EFO_0003789	Both control and N-AID-UPF1-tagged HCT116 cell lines were maintained at 37°C and 5% CO2 in a humidified incubator in McCoy's 5A (Modified) Medium with GlutaMAX supplement (Gibco; Cat# 36600088), supplemented with 9% fetal bovine serum (Gibco; Cat# 10270106) and 1x Penicillin-Streptomycin (Gibco; Cat# 15140122).				
E-MTAB-13789	E-MTAB-13789.idf.txt	6	P-MTAB-156250	treatment protocol	EFO	EFO_0003969	1.25x10^5 cells were seeded in 6-well plates. UPF1 depletion was induced for 24 hours with 500 µM indole-3-acetic acid (IAA; Sigma-Aldrich; Cat# I5148). Afterwards, the cells were incubated in medium without IAA for various time points (between 0 and 48 hours before harvesting). All cells were harvested at the same time to minimize differences in cell numbers.				
E-MTAB-13789	E-MTAB-13789.idf.txt	7	P-MTAB-156251	normalization data transformation protocol	EFO	EFO_0003816	Reads were aligned against the human genome (GRCh38, GENCODE release 42 transcript annotations supplemented with SIRVomeERCCome annotations from Lexogen; obtained from https://www.lexogen.com/sirvs/download/) using the STAR read aligner (version 2.7.10b, https://github.com/alexdobin/STAR).			STAR read aligner (version 2.7.10b)	
E-MTAB-13787	E-MTAB-13787.idf.txt	1	P-MTAB-140758	sample collection protocol	EFO	EFO_0005518	Cells were harvested and lysed by adding 1 ml of in-house prepared TRI reagent to each well (prepared following DOI: 10.1371/journal.pbio.3000107).				
E-MTAB-13787	E-MTAB-13787.idf.txt	2	P-MTAB-140759	nucleic acid extraction protocol	EFO	EFO_0002944	Total RNA was extracted using the Direct-zol RNA MiniPrep kit (Zymo Research; Cat# R2052) including the recommended DNase I treatment according to the manufacturer's instructions.				
E-MTAB-13787	E-MTAB-13787.idf.txt	3	P-MTAB-140760	nucleic acid library construction protocol	EFO	EFO_0004184	Libraries were prepared from 500ng total RNA. ERCC RNA Spike-In Mix (Thermo Fischer) was added to the samples before library preparation. Enzymatic depletion of ribosomal RNA with the Illumina Ribo-Zero Plus rRNA Depletion Kit was followed by library preparation with the Illumina® Stranded Total RNA sample preparation kit. The depleted RNA was fragmented and reverse transcribed with random hexamer primers, second strand synthesis with dUTPs was followed by A-tailing, adapter ligation and library amplification (12 cycles). Next library validation and quantification (Agilent Tape Station) was performed, followed by pooling of equimolar amounts of library.				
E-MTAB-13787	E-MTAB-13787.idf.txt	4	P-MTAB-140761	nucleic acid sequencing protocol	EFO	EFO_0004170	The pool itself was then quantified using the Peqlab KAPA Library Quantification Kit and the Applied Biosystems 7900HT Sequence Detection System and sequenced on an Illumina NovaSeq6000 sequencing instrument with an PE100 protocol aiming for 100 million clusters per sample.		Illumina NovaSeq 6000		
E-MTAB-13787	E-MTAB-13787.idf.txt	5	P-MTAB-140762	growth protocol	EFO	EFO_0003789	Both control and N-AID-UPF1-tagged HCT116 cell lines were maintained at 37°C and 5% CO2 in a humidified incubator in McCoy's 5A (Modified) Medium with GlutaMAX supplement (Gibco; Cat# 36600088), supplemented with 9% fetal bovine serum (Gibco; Cat# 10270106) and 1x Penicillin-Streptomycin (Gibco; Cat# 15140122).				
E-MTAB-13787	E-MTAB-13787.idf.txt	6	P-MTAB-140763	treatment protocol	EFO	EFO_0003969	2.5x10^5 cells were seeded in 6-well plates. UPF1 depletion was induced with 500 µM indole-3-acetic acid (IAA; Sigma-Aldrich; Cat# I5148) at various time points during the experiment (between 0 and 48 hours before harvesting). For the 48-hour time point, the medium was exchanged once for fresh medium with IAA. All cells were harvested at the same time to minimize differences in cell numbers.				
E-MTAB-13787	E-MTAB-13787.idf.txt	7	P-MTAB-140764	normalization data transformation protocol	EFO	EFO_0003816	Reads were aligned against the human genome (GRCh38, GENCODE release 42 transcript annotations supplemented with SIRVomeERCCome annotations from Lexogen; obtained from https://www.lexogen.com/sirvs/download/) using the STAR read aligner (version 2.7.10b, https://github.com/alexdobin/STAR).			STAR read aligner (version 2.7.10b)	
E-MTAB-13787	E-MTAB-13787.idf.txt	1	P-MTAB-140758	sample collection protocol	EFO	EFO_0005518	Cells were harvested and lysed by adding 1 ml of in-house prepared TRI reagent to each well (prepared following DOI: 10.1371/journal.pbio.3000107).				
E-MTAB-13787	E-MTAB-13787.idf.txt	2	P-MTAB-140759	nucleic acid extraction protocol	EFO	EFO_0002944	Total RNA was extracted using the Direct-zol RNA MiniPrep kit (Zymo Research; Cat# R2052) including the recommended DNase I treatment according to the manufacturer's instructions.				
E-MTAB-13787	E-MTAB-13787.idf.txt	3	P-MTAB-140760	nucleic acid library construction protocol	EFO	EFO_0004184	Libraries were prepared from 500ng total RNA. ERCC RNA Spike-In Mix (Thermo Fischer) was added to the samples before library preparation. Enzymatic depletion of ribosomal RNA with the Illumina Ribo-Zero Plus rRNA Depletion Kit was followed by library preparation with the Illumina® Stranded Total RNA sample preparation kit. The depleted RNA was fragmented and reverse transcribed with random hexamer primers, second strand synthesis with dUTPs was followed by A-tailing, adapter ligation and library amplification (12 cycles). Next library validation and quantification (Agilent Tape Station) was performed, followed by pooling of equimolar amounts of library.				
E-MTAB-13787	E-MTAB-13787.idf.txt	4	P-MTAB-140761	nucleic acid sequencing protocol	EFO	EFO_0004170	The pool itself was then quantified using the Peqlab KAPA Library Quantification Kit and the Applied Biosystems 7900HT Sequence Detection System and sequenced on an Illumina NovaSeq6000 sequencing instrument with an PE100 protocol aiming for 100 million clusters per sample.		Illumina NovaSeq 6000		
E-MTAB-13787	E-MTAB-13787.idf.txt	5	P-MTAB-140762	growth protocol	EFO	EFO_0003789	Both control and N-AID-UPF1-tagged HCT116 cell lines were maintained at 37°C and 5% CO2 in a humidified incubator in McCoy's 5A (Modified) Medium with GlutaMAX supplement (Gibco; Cat# 36600088), supplemented with 9% fetal bovine serum (Gibco; Cat# 10270106) and 1x Penicillin-Streptomycin (Gibco; Cat# 15140122).				
E-MTAB-13787	E-MTAB-13787.idf.txt	6	P-MTAB-140763	treatment protocol	EFO	EFO_0003969	2.5x10^5 cells were seeded in 6-well plates. UPF1 depletion was induced with 500 µM indole-3-acetic acid (IAA; Sigma-Aldrich; Cat# I5148) at various time points during the experiment (between 0 and 48 hours before harvesting). For the 48-hour time point, the medium was exchanged once for fresh medium with IAA. All cells were harvested at the same time to minimize differences in cell numbers.				
E-MTAB-13787	E-MTAB-13787.idf.txt	7	P-MTAB-140764	normalization data transformation protocol	EFO	EFO_0003816	Reads were aligned against the human genome (GRCh38, GENCODE release 42 transcript annotations supplemented with SIRVomeERCCome annotations from Lexogen; obtained from https://www.lexogen.com/sirvs/download/) using the STAR read aligner (version 2.7.10b, https://github.com/alexdobin/STAR).			STAR read aligner (version 2.7.10b)	
E-MTAB-13829	E-MTAB-13829.idf.txt	1	P-MTAB-141324	sample collection protocol	EFO	EFO_0005518	Cells were harvested and lysed by adding 1 ml of in-house prepared TRI reagent to each well (prepared following DOI: 10.1371/journal.pbio.3000107).				
E-MTAB-13829	E-MTAB-13829.idf.txt	2	P-MTAB-141325	nucleic acid extraction protocol	EFO	EFO_0002944	Total RNA was extracted using the Direct-zol RNA MiniPrep kit (Zymo Research; Cat# R2052) including the recommended DNase I treatment according to the manufacturer's instructions.				
E-MTAB-13829	E-MTAB-13829.idf.txt	3	P-MTAB-141326	nucleic acid library construction protocol	EFO	EFO_0004184	Libraries were prepared from 500ng total RNA with the Illumina® Stranded mRNA Preparation kit. ERCC RNA Spike-In Mix (Thermo Fischer) was added to the samples before library preparation. After poly-A selection (using Oligo(dT) magnetic beads), mRNA was purified, fragmented and reverse transcribed with random hexamer primers. Second strand synthesis with dUTPs was followed by A-tailing, adapter ligation and library amplification (12 cycles) to create the final cDNA libraries. After library validation and quantification (Agilent Tape Station), equimolar amounts of library were pooled.				
E-MTAB-13829	E-MTAB-13829.idf.txt	4	P-MTAB-141327	nucleic acid sequencing protocol	EFO	EFO_0004170	The pool was quantified by using the Peqlab KAPA Library Quantification Kit and the Applied Biosystems 7900HT Sequence Detection System. The pool was sequenced on an Illumina NovaSeq6000 sequencing instrument with a PE100 protocol aiming for 75 million clusters per sample.		Illumina NovaSeq 6000		
E-MTAB-13829	E-MTAB-13829.idf.txt	5	P-MTAB-141328	growth protocol	EFO	EFO_0003789	Both control and FKBP-UPF1-tagged HCT116 cell lines were maintained at 37°C and 5% CO2 in a humidified incubator in McCoy's 5A (Modified) Medium with GlutaMAX supplement (Gibco; Cat# 36600088), supplemented with 9% fetal bovine serum (Gibco; Cat# 10270106) and 1x Penicillin-Streptomycin (Gibco; Cat# 15140122). For control and FKBP-UPF1-tagged HEK293 cell lines, DMEM with high glucose and GlutaMAX supplement (Gibco; Cat# 61965059) was used and supplemented as described above.				
E-MTAB-13829	E-MTAB-13829.idf.txt	6	P-MTAB-141329	treatment protocol	EFO	EFO_0003969	5x10^5 cells were seeded in 6-well plates one day before starting the depletion experiment. UPF1 depletion was induced with 0.25 µM dTAGV-1 (Tocris Bioscience; Cat# 6914) for 12 hours. All cells were harvested at the same time to minimize differences in cell numbers.				
E-MTAB-13829	E-MTAB-13829.idf.txt	7	P-MTAB-141330	normalization data transformation protocol	EFO	EFO_0003816	Reads were aligned against the human genome (GRCh38, GENCODE release 42 transcript annotations supplemented with SIRVomeERCCome annotations from Lexogen; obtained from https://www.lexogen.com/sirvs/download/) using the STAR read aligner (version 2.7.10b, https://github.com/alexdobin/STAR).			STAR read aligner (version 2.7.10b)	
E-MTAB-13829	E-MTAB-13829.idf.txt	1	P-MTAB-141324	sample collection protocol	EFO	EFO_0005518	Cells were harvested and lysed by adding 1 ml of in-house prepared TRI reagent to each well (prepared following DOI: 10.1371/journal.pbio.3000107).				
E-MTAB-13829	E-MTAB-13829.idf.txt	2	P-MTAB-141325	nucleic acid extraction protocol	EFO	EFO_0002944	Total RNA was extracted using the Direct-zol RNA MiniPrep kit (Zymo Research; Cat# R2052) including the recommended DNase I treatment according to the manufacturer's instructions.				
E-MTAB-13829	E-MTAB-13829.idf.txt	3	P-MTAB-141326	nucleic acid library construction protocol	EFO	EFO_0004184	Libraries were prepared from 500ng total RNA with the Illumina® Stranded mRNA Preparation kit. ERCC RNA Spike-In Mix (Thermo Fischer) was added to the samples before library preparation. After poly-A selection (using Oligo(dT) magnetic beads), mRNA was purified, fragmented and reverse transcribed with random hexamer primers. Second strand synthesis with dUTPs was followed by A-tailing, adapter ligation and library amplification (12 cycles) to create the final cDNA libraries. After library validation and quantification (Agilent Tape Station), equimolar amounts of library were pooled.				
E-MTAB-13829	E-MTAB-13829.idf.txt	4	P-MTAB-141327	nucleic acid sequencing protocol	EFO	EFO_0004170	The pool was quantified by using the Peqlab KAPA Library Quantification Kit and the Applied Biosystems 7900HT Sequence Detection System. The pool was sequenced on an Illumina NovaSeq6000 sequencing instrument with a PE100 protocol aiming for 75 million clusters per sample.		Illumina NovaSeq 6000		
E-MTAB-13829	E-MTAB-13829.idf.txt	5	P-MTAB-141328	growth protocol	EFO	EFO_0003789	Both control and FKBP-UPF1-tagged HCT116 cell lines were maintained at 37°C and 5% CO2 in a humidified incubator in McCoy's 5A (Modified) Medium with GlutaMAX supplement (Gibco; Cat# 36600088), supplemented with 9% fetal bovine serum (Gibco; Cat# 10270106) and 1x Penicillin-Streptomycin (Gibco; Cat# 15140122). For control and FKBP-UPF1-tagged HEK293 cell lines, DMEM with high glucose and GlutaMAX supplement (Gibco; Cat# 61965059) was used and supplemented as described above.				
E-MTAB-13829	E-MTAB-13829.idf.txt	6	P-MTAB-141329	treatment protocol	EFO	EFO_0003969	5x10^5 cells were seeded in 6-well plates one day before starting the depletion experiment. UPF1 depletion was induced with 0.25 µM dTAGV-1 (Tocris Bioscience; Cat# 6914) for 12 hours. All cells were harvested at the same time to minimize differences in cell numbers.				
E-MTAB-13829	E-MTAB-13829.idf.txt	7	P-MTAB-141330	normalization data transformation protocol	EFO	EFO_0003816	Reads were aligned against the human genome (GRCh38, GENCODE release 42 transcript annotations supplemented with SIRVomeERCCome annotations from Lexogen; obtained from https://www.lexogen.com/sirvs/download/) using the STAR read aligner (version 2.7.10b, https://github.com/alexdobin/STAR).			STAR read aligner (version 2.7.10b)	
E-MTAB-13836	E-MTAB-13836.idf.txt	1	P-MTAB-141156	sample collection protocol	EFO	EFO_0005518	Cells were harvested and lysed by adding 1 ml of in-house prepared TRI reagent to each well (prepared following DOI: 10.1371/journal.pbio.3000107).				
E-MTAB-13836	E-MTAB-13836.idf.txt	2	P-MTAB-141157	nucleic acid extraction protocol	EFO	EFO_0002944	Total RNA was extracted using the Direct-zol RNA MiniPrep kit (Zymo Research; Cat# R2052) including the recommended DNase I treatment according to the manufacturer's instructions. Thiol modification was performed as previously described by Herzog et al. 2017. Shortly, we mixed 1 µg of RNA with 10 mM Iodoacetamide (IAA; Sigma-Aldrich; Cat#I6125), 50 mM NaPO4 (pH 8) and 50 % DMSO. The reaction was performed at 50°C for 15 minutes, protected from light. Alkylation was quenched with 20mM DTT. RNA was precipitated by adding 2.5 volumes of 100% EtOH and 1 µg GlycoBlue (Ambion; Cat# AM9515) and incubating -80°C for 30 minutes. After cold centrifugation at 16,000 x g for 30 minutes, the pellet was washed with 75% EtOH, re-centrifuged for 10 minutes, air-dried for 5-10 minutes, and resuspended in 5-10 µl of H2O.				
E-MTAB-13836	E-MTAB-13836.idf.txt	3	P-MTAB-141158	nucleic acid library construction protocol	EFO	EFO_0004184	poly(A) mRNA isolation and library preparation was carried out with 500 ng RNA as input using the NEBNext Poly (A) mRNA magnetic isolation module (NEB; Cat#E7490L) and NEBNext Ultra II Directional RNA library preparation kit (NEB; Cat#E7760L) according to the manufacturer's instructions.				
E-MTAB-13836	E-MTAB-13836.idf.txt	4	P-MTAB-141159	nucleic acid sequencing protocol	EFO	EFO_0004170	The pool was quantified by using the Peqlab KAPA Library Quantification Kit and sequenced on an Illumina NovaSeq6000 sequencer with 2×100bp protocol, targeting approximately 20 million reads.		Illumina NovaSeq 6000		
E-MTAB-13836	E-MTAB-13836.idf.txt	5	P-MTAB-141160	growth protocol	EFO	EFO_0003789	Both control and N-AID-UPF1-tagged HCT116 cell lines were maintained at 37°C and 5% CO2 in a humidified incubator in McCoy's 5A (Modified) Medium with GlutaMAX supplement (Gibco; Cat# 36600088), supplemented with 9% fetal bovine serum (Gibco; Cat# 10270106) and 1x Penicillin-Streptomycin (Gibco; Cat# 15140122).				
E-MTAB-13836	E-MTAB-13836.idf.txt	6	P-MTAB-141161	treatment protocol	EFO	EFO_0003969	5x10^5 cells were seeded in 6-well plates one day before starting the depletion experiment. UPF1 depletion was induced with 500 µM indole-3-acetic acid (IAA; Sigma-Aldrich; Cat# I5148) at various time points during the experiment (between 12 and 24 hours before harvesting). Except unlabeled N-AID-UPF1 controls, all cells were labeled with 200 µM 4-thiouridine (4SU; Abcam; Cat# ab143718) for 2 hours before harvesting. All cells were harvested at the same time to minimize differences in cell numbers.				
E-MTAB-13836	E-MTAB-13836.idf.txt	7	P-MTAB-141921	normalization data transformation protocol	EFO	EFO_0003816	Reads were aligned against the human genome (GRCh38, GENCODE release 42 transcript annotations supplemented with SIRVomeERCCome annotations from Lexogen; obtained from https://www.lexogen.com/sirvs/download/) using the STAR read aligner (version 2.7.10b, https://github.com/alexdobin/STAR).			STAR read aligner (version 2.7.10b)	
E-MTAB-13836	E-MTAB-13836.idf.txt	1	P-MTAB-141156	sample collection protocol	EFO	EFO_0005518	Cells were harvested and lysed by adding 1 ml of in-house prepared TRI reagent to each well (prepared following DOI: 10.1371/journal.pbio.3000107).				
E-MTAB-13836	E-MTAB-13836.idf.txt	2	P-MTAB-141157	nucleic acid extraction protocol	EFO	EFO_0002944	Total RNA was extracted using the Direct-zol RNA MiniPrep kit (Zymo Research; Cat# R2052) including the recommended DNase I treatment according to the manufacturer's instructions. Thiol modification was performed as previously described by Herzog et al. 2017. Shortly, we mixed 1 µg of RNA with 10 mM Iodoacetamide (IAA; Sigma-Aldrich; Cat#I6125), 50 mM NaPO4 (pH 8) and 50 % DMSO. The reaction was performed at 50°C for 15 minutes, protected from light. Alkylation was quenched with 20mM DTT. RNA was precipitated by adding 2.5 volumes of 100% EtOH and 1 µg GlycoBlue (Ambion; Cat# AM9515) and incubating -80°C for 30 minutes. After cold centrifugation at 16,000 x g for 30 minutes, the pellet was washed with 75% EtOH, re-centrifuged for 10 minutes, air-dried for 5-10 minutes, and resuspended in 5-10 µl of H2O.				
E-MTAB-13836	E-MTAB-13836.idf.txt	3	P-MTAB-141158	nucleic acid library construction protocol	EFO	EFO_0004184	poly(A) mRNA isolation and library preparation was carried out with 500 ng RNA as input using the NEBNext Poly (A) mRNA magnetic isolation module (NEB; Cat#E7490L) and NEBNext Ultra II Directional RNA library preparation kit (NEB; Cat#E7760L) according to the manufacturer's instructions.				
E-MTAB-13836	E-MTAB-13836.idf.txt	4	P-MTAB-141159	nucleic acid sequencing protocol	EFO	EFO_0004170	The pool was quantified by using the Peqlab KAPA Library Quantification Kit and sequenced on an Illumina NovaSeq6000 sequencer with 2×100bp protocol, targeting approximately 20 million reads.		Illumina NovaSeq 6000		
E-MTAB-13836	E-MTAB-13836.idf.txt	5	P-MTAB-141160	growth protocol	EFO	EFO_0003789	Both control and N-AID-UPF1-tagged HCT116 cell lines were maintained at 37°C and 5% CO2 in a humidified incubator in McCoy's 5A (Modified) Medium with GlutaMAX supplement (Gibco; Cat# 36600088), supplemented with 9% fetal bovine serum (Gibco; Cat# 10270106) and 1x Penicillin-Streptomycin (Gibco; Cat# 15140122).				
E-MTAB-13836	E-MTAB-13836.idf.txt	6	P-MTAB-141161	treatment protocol	EFO	EFO_0003969	5x10^5 cells were seeded in 6-well plates one day before starting the depletion experiment. UPF1 depletion was induced with 500 µM indole-3-acetic acid (IAA; Sigma-Aldrich; Cat# I5148) at various time points during the experiment (between 12 and 24 hours before harvesting). Except unlabeled N-AID-UPF1 controls, all cells were labeled with 200 µM 4-thiouridine (4SU; Abcam; Cat# ab143718) for 2 hours before harvesting. All cells were harvested at the same time to minimize differences in cell numbers.				
E-MTAB-13836	E-MTAB-13836.idf.txt	7	P-MTAB-141921	normalization data transformation protocol	EFO	EFO_0003816	Reads were aligned against the human genome (GRCh38, GENCODE release 42 transcript annotations supplemented with SIRVomeERCCome annotations from Lexogen; obtained from https://www.lexogen.com/sirvs/download/) using the STAR read aligner (version 2.7.10b, https://github.com/alexdobin/STAR).			STAR read aligner (version 2.7.10b)	
E-MTAB-16399	E-MTAB-16399.idf.txt	1	P-MTAB-161404	sample collection protocol	EFO	EFO_0005518	Cells were harvested and lysed by adding 1 ml of in-house prepared TRI reagent to each well (prepared following DOI: 10.1371/journal.pbio.3000107).				
E-MTAB-16399	E-MTAB-16399.idf.txt	2	P-MTAB-161405	nucleic acid extraction protocol	EFO	EFO_0002944	Total RNA was extracted using the Direct-zol RNA MiniPrep kit (Zymo Research; Cat# R2052) including the recommended DNase I treatment according to the manufacturer's instructions.				
E-MTAB-16399	E-MTAB-16399.idf.txt	3	P-MTAB-161406	nucleic acid library construction protocol	EFO	EFO_0004184	ERCC RNA Spike-In Mix 1 (Thermo Fisher Scientific, Cat# 4456740) was added to the total RNA sample before library preparation. Libraries was prepared using the Stranded mRNA Preparation Kit (Illumina). Library preparation started with 500ng total RNA. After poly-A selection (using poly-T oligo-attached magnetic beads), mRNA was purified and fragmented using divalent cations under elevated temperature. The RNA fragments underwent reverse transcription using random primers. This was followed by second strand cDNA synthesis. After end repair and A-tailing, indexing adapters were ligated. The products were then purified and amplified (12 PCR cycles) to create the final cDNA library. After validation (TapeStation, Agilent Technologies) and quantification (Qubit, Thermo Fisher Scientific) individual libraries were pooled.				
E-MTAB-16399	E-MTAB-16399.idf.txt	4	P-MTAB-161407	nucleic acid sequencing protocol	EFO	EFO_0004170	The library pools were quantified using the Collibri Library Quantification Kit (Thermo Fisher Scientific) and the QuantStudio 5 Real-Time PCR System (Thermo Fisher Scientific). Libraries were subsequently sequenced on an Illumina NovaSeq 6000 instrument using a 2x100 bp sequencing protocol and aiming for 50 million clusters per sample.		Illumina NovaSeq 6000		
E-MTAB-16399	E-MTAB-16399.idf.txt	5	P-MTAB-161408	growth protocol	EFO	EFO_0003789	All cell lines were maintained at 37°C and 5% CO2 in a humidified incubator in DMEM with high glucose and GlutaMAX supplement (Gibco; Cat# 61965059), supplemented with 9% fetal bovine serum (Gibco; Cat# 10270106) and 1x Penicillin-Streptomycin (Gibco; Cat# 15140122).				
E-MTAB-16399	E-MTAB-16399.idf.txt	6	P-MTAB-161409	treatment protocol	EFO	EFO_0003969	2.5x10^5 cells were seeded in 6-well plates and treated 2 days later for 24 hours with DMSO as control, 0.1 µM or 1 µM SMG1i. Thus, the cells were harvested 3 days after the seeding.				
E-MTAB-16399	E-MTAB-16399.idf.txt	7	P-MTAB-161410	normalization data transformation protocol	EFO	EFO_0003816	Reads were aligned against the human genome (GRCh38, GENCODE release 42 transcript annotations supplemented with SIRVomeERCCome annotations from Lexogen; obtained from https://www.lexogen.com/sirvs/download/) using the STAR read aligner (version 2.7.10b, https://github.com/alexdobin/STAR).			STAR read aligner (version 2.7.10b)	
E-MTAB-16399	E-MTAB-16399.idf.txt	1	P-MTAB-161404	sample collection protocol	EFO	EFO_0005518	Cells were harvested and lysed by adding 1 ml of in-house prepared TRI reagent to each well (prepared following DOI: 10.1371/journal.pbio.3000107).				
E-MTAB-16399	E-MTAB-16399.idf.txt	2	P-MTAB-161405	nucleic acid extraction protocol	EFO	EFO_0002944	Total RNA was extracted using the Direct-zol RNA MiniPrep kit (Zymo Research; Cat# R2052) including the recommended DNase I treatment according to the manufacturer's instructions.				
E-MTAB-16399	E-MTAB-16399.idf.txt	3	P-MTAB-161406	nucleic acid library construction protocol	EFO	EFO_0004184	ERCC RNA Spike-In Mix 1 (Thermo Fisher Scientific, Cat# 4456740) was added to the total RNA sample before library preparation. Libraries was prepared using the Stranded mRNA Preparation Kit (Illumina). Library preparation started with 500ng total RNA. After poly-A selection (using poly-T oligo-attached magnetic beads), mRNA was purified and fragmented using divalent cations under elevated temperature. The RNA fragments underwent reverse transcription using random primers. This was followed by second strand cDNA synthesis. After end repair and A-tailing, indexing adapters were ligated. The products were then purified and amplified (12 PCR cycles) to create the final cDNA library. After validation (TapeStation, Agilent Technologies) and quantification (Qubit, Thermo Fisher Scientific) individual libraries were pooled.				
E-MTAB-16399	E-MTAB-16399.idf.txt	4	P-MTAB-161407	nucleic acid sequencing protocol	EFO	EFO_0004170	The library pools were quantified using the Collibri Library Quantification Kit (Thermo Fisher Scientific) and the QuantStudio 5 Real-Time PCR System (Thermo Fisher Scientific). Libraries were subsequently sequenced on an Illumina NovaSeq 6000 instrument using a 2x100 bp sequencing protocol and aiming for 50 million clusters per sample.		Illumina NovaSeq 6000		
E-MTAB-16399	E-MTAB-16399.idf.txt	5	P-MTAB-161408	growth protocol	EFO	EFO_0003789	All cell lines were maintained at 37°C and 5% CO2 in a humidified incubator in DMEM with high glucose and GlutaMAX supplement (Gibco; Cat# 61965059), supplemented with 9% fetal bovine serum (Gibco; Cat# 10270106) and 1x Penicillin-Streptomycin (Gibco; Cat# 15140122).				
E-MTAB-16399	E-MTAB-16399.idf.txt	6	P-MTAB-161409	treatment protocol	EFO	EFO_0003969	2.5x10^5 cells were seeded in 6-well plates and treated 2 days later for 24 hours with DMSO as control, 0.1 µM or 1 µM SMG1i. Thus, the cells were harvested 3 days after the seeding.				
E-MTAB-16399	E-MTAB-16399.idf.txt	7	P-MTAB-161410	normalization data transformation protocol	EFO	EFO_0003816	Reads were aligned against the human genome (GRCh38, GENCODE release 42 transcript annotations supplemented with SIRVomeERCCome annotations from Lexogen; obtained from https://www.lexogen.com/sirvs/download/) using the STAR read aligner (version 2.7.10b, https://github.com/alexdobin/STAR).			STAR read aligner (version 2.7.10b)	
E-MTAB-13949	E-MTAB-13949.idf.txt	1	P-MTAB-142806	sample collection protocol	EFO	EFO_0005518	Cells were harvested and lysed by adding 1 ml of in-house prepared TRI reagent to each well (prepared following DOI: 10.1371/journal.pbio.3000107).				
E-MTAB-13949	E-MTAB-13949.idf.txt	2	P-MTAB-142807	nucleic acid extraction protocol	EFO	EFO_0002944	Total RNA was extracted using the Direct-zol RNA MiniPrep kit (Zymo Research; Cat# R2052) including the recommended DNase I treatment according to the manufacturer's instructions.				
E-MTAB-13949	E-MTAB-13949.idf.txt	3	P-MTAB-142808	nucleic acid library construction protocol	EFO	EFO_0004184	Libraries were prepared using the Illumina Stranded TruSeq RNA sample preparation kit. ERCC RNA Spike-In Mix (Thermo Fischer) was added to the samples before library preparation. Library preparation started with 500ng total RNA. After poly-A selection (using poly-T oligo-attached magnetic beads), mRNA was purified and fragmented using divalent cations under elevated temperature. The RNA fragments underwent reverse transcription using random primers. This was followed by second strand cDNA synthesis with DNA Polymerase I and RNase H. After end repair and A-tailing, indexing adapters were ligated. The products were then purified and amplified (15 cycles) to create the final cDNA libraries. After library validation and quantification (Agilent Tape Station), equimolar amounts of library were pooled.				
E-MTAB-13949	E-MTAB-13949.idf.txt	4	P-MTAB-142809	nucleic acid sequencing protocol	EFO	EFO_0004170	The pool was quantified by using the Peqlab KAPA Library Quantification Kit and the Applied Biosystems 7900HT Sequence Detection System. The pool was sequenced on an Illumina NovaSeq6000 sequencing instrument with a PE100 protocol aiming for 50 million clusters per sample.		Illumina NovaSeq 6000		
E-MTAB-13949	E-MTAB-13949.idf.txt	5	P-MTAB-142810	growth protocol	EFO	EFO_0003789	HCT-116 (human, male, colorectal carcinoma, epithelial; ATCC, cat. no. CCL-247; RRID:CVCL_0291) and Flp-In-T-REx-293 (human, female, embryonic kidney, epithelial; Thermo Fisher Scientific, cat. no. R78007; RRID:CVCL_U427) were cultivated in high glucose, GlutaMAX DMEM (Gibco; Cat# 61965-026) supplemented with 9% fetal bovine serum (Gibco; Cat# 10270106) and 1x Penicillin-Streptomycin (Gibco; Cat# 15140122). The cells were cultured at 37 °C and 5% CO2 in a humidified incubator.				
E-MTAB-13949	E-MTAB-13949.idf.txt	6	P-MTAB-142811	treatment protocol	EFO	EFO_0003969	3x10^5 cells were seeded in 6-well plates. After 24h, different final concentrations (0, 0.1 or 1 μM) of SMG1 inhibitor (SMG1i; DOI: 10.1016/j.bmcl.2012.08.107) dissolved in DMSO were added. After 24 h cells were harvested.				
E-MTAB-13949	E-MTAB-13949.idf.txt	7	P-MTAB-142812	normalization data transformation protocol	EFO	EFO_0003816	Reads were aligned against the human genome (GRCh38, GENCODE release 42 transcript annotations supplemented with SIRVomeERCCome annotations from Lexogen; obtained from https://www.lexogen.com/sirvs/download/) using the STAR read aligner (version 2.7.10b, https://github.com/alexdobin/STAR).			STAR read aligner (version 2.7.10b)	
E-MTAB-13949	E-MTAB-13949.idf.txt	1	P-MTAB-142806	sample collection protocol	EFO	EFO_0005518	Cells were harvested and lysed by adding 1 ml of in-house prepared TRI reagent to each well (prepared following DOI: 10.1371/journal.pbio.3000107).				
E-MTAB-13949	E-MTAB-13949.idf.txt	2	P-MTAB-142807	nucleic acid extraction protocol	EFO	EFO_0002944	Total RNA was extracted using the Direct-zol RNA MiniPrep kit (Zymo Research; Cat# R2052) including the recommended DNase I treatment according to the manufacturer's instructions.				
E-MTAB-13949	E-MTAB-13949.idf.txt	3	P-MTAB-142808	nucleic acid library construction protocol	EFO	EFO_0004184	Libraries were prepared using the Illumina Stranded TruSeq RNA sample preparation kit. ERCC RNA Spike-In Mix (Thermo Fischer) was added to the samples before library preparation. Library preparation started with 500ng total RNA. After poly-A selection (using poly-T oligo-attached magnetic beads), mRNA was purified and fragmented using divalent cations under elevated temperature. The RNA fragments underwent reverse transcription using random primers. This was followed by second strand cDNA synthesis with DNA Polymerase I and RNase H. After end repair and A-tailing, indexing adapters were ligated. The products were then purified and amplified (15 cycles) to create the final cDNA libraries. After library validation and quantification (Agilent Tape Station), equimolar amounts of library were pooled.				
E-MTAB-13949	E-MTAB-13949.idf.txt	4	P-MTAB-142809	nucleic acid sequencing protocol	EFO	EFO_0004170	The pool was quantified by using the Peqlab KAPA Library Quantification Kit and the Applied Biosystems 7900HT Sequence Detection System. The pool was sequenced on an Illumina NovaSeq6000 sequencing instrument with a PE100 protocol aiming for 50 million clusters per sample.		Illumina NovaSeq 6000		
E-MTAB-13949	E-MTAB-13949.idf.txt	5	P-MTAB-142810	growth protocol	EFO	EFO_0003789	HCT-116 (human, male, colorectal carcinoma, epithelial; ATCC, cat. no. CCL-247; RRID:CVCL_0291) and Flp-In-T-REx-293 (human, female, embryonic kidney, epithelial; Thermo Fisher Scientific, cat. no. R78007; RRID:CVCL_U427) were cultivated in high glucose, GlutaMAX DMEM (Gibco; Cat# 61965-026) supplemented with 9% fetal bovine serum (Gibco; Cat# 10270106) and 1x Penicillin-Streptomycin (Gibco; Cat# 15140122). The cells were cultured at 37 °C and 5% CO2 in a humidified incubator.				
E-MTAB-13949	E-MTAB-13949.idf.txt	6	P-MTAB-142811	treatment protocol	EFO	EFO_0003969	3x10^5 cells were seeded in 6-well plates. After 24h, different final concentrations (0, 0.1 or 1 μM) of SMG1 inhibitor (SMG1i; DOI: 10.1016/j.bmcl.2012.08.107) dissolved in DMSO were added. After 24 h cells were harvested.				
E-MTAB-13949	E-MTAB-13949.idf.txt	7	P-MTAB-142812	normalization data transformation protocol	EFO	EFO_0003816	Reads were aligned against the human genome (GRCh38, GENCODE release 42 transcript annotations supplemented with SIRVomeERCCome annotations from Lexogen; obtained from https://www.lexogen.com/sirvs/download/) using the STAR read aligner (version 2.7.10b, https://github.com/alexdobin/STAR).			STAR read aligner (version 2.7.10b)	
E-MTAB-14755	E-MTAB-14755.idf.txt	1	P-MTAB-150501	sample collection protocol	EFO	EFO_0005518	Cells were harvested and lysed by adding 500 µl Invitrogen™ TRIzol™ Reagent (Invitrogen; Cat# 15596018) to each well.				
E-MTAB-14755	E-MTAB-14755.idf.txt	2	P-MTAB-150502	nucleic acid extraction protocol	EFO	EFO_0002944	Total RNA was extracted using the Direct-zol RNA MiniPrep kit (Zymo Research; Cat# R2052) including the recommended DNase I treatment according to the manufacturer's instructions.				
E-MTAB-14755	E-MTAB-14755.idf.txt	3	P-MTAB-150503	nucleic acid library construction protocol	EFO	EFO_0004184	poly(A) mRNA isolation and library preparation was carried out with 600 ng RNA as input using the NEBNext Poly (A) mRNA magnetic isolation module (NEB; Cat# E7490L) and NEBNext Ultra II Directional RNA library preparation kit (NEB; Cat# E7760L) according to the manufacturer's instructions.				
E-MTAB-14755	E-MTAB-14755.idf.txt	4	P-MTAB-150504	nucleic acid sequencing protocol	EFO	EFO_0004170	The pool was quantified by using the KAPA Library Quantification Kit and sequenced on an Illumina NovaSeq6000 sequencer with 150+150bp protocol, in two batches targeting approximately 20 million reads.		Illumina NovaSeq 6000		
E-MTAB-14755	E-MTAB-14755.idf.txt	5	P-MTAB-150505	growth protocol	EFO	EFO_0003789	HFF (TERT-HFF; Ximbio Cat# 154459) and HUVEC (HUVEC/TERT 2; ATCC Cat# CRL-4053; RRID:CVCL_9Q53) cell lines were maintained at 37°C and 5% CO2 in a humidified incubator in (HFF:) DMEM + 10% FBS, + 1% MEM Sigma, Cat# M7145-100ml) or (HUVEC:) EGM Endothelial Cell Growth Medium BulletKit (Lonza, Cat# CC-3124) supplemented with 10% FBS and 20 µg/ml G418.				
E-MTAB-14755	E-MTAB-14755.idf.txt	6	P-MTAB-150506	treatment protocol	EFO	EFO_0003969	5x10^5 cells were seeded in 6-well plates one day before starting the SMG1i treatment. SMG1 inhibitor (SMG1i; DOI: 10.1016/j.bmcl.2012.08.107) dissolved in DMSO was added to a final concentration of 1 µM and cells were harvested 24 hours later.				
E-MTAB-14755	E-MTAB-14755.idf.txt	7	P-MTAB-150507	normalization data transformation protocol	EFO	EFO_0003816	Reads were aligned against the human genome (GRCh38, GENCODE release 42 transcript annotations supplemented with SIRVomeERCCome annotations from Lexogen; obtained from https://www.lexogen.com/sirvs/download/) using the STAR read aligner (version 2.7.10b, https://github.com/alexdobin/STAR).			STAR read aligner (version 2.7.10b)	
E-MTAB-14755	E-MTAB-14755.idf.txt	1	P-MTAB-150501	sample collection protocol	EFO	EFO_0005518	Cells were harvested and lysed by adding 500 µl Invitrogen™ TRIzol™ Reagent (Invitrogen; Cat# 15596018) to each well.				
E-MTAB-14755	E-MTAB-14755.idf.txt	2	P-MTAB-150502	nucleic acid extraction protocol	EFO	EFO_0002944	Total RNA was extracted using the Direct-zol RNA MiniPrep kit (Zymo Research; Cat# R2052) including the recommended DNase I treatment according to the manufacturer's instructions.				
E-MTAB-14755	E-MTAB-14755.idf.txt	3	P-MTAB-150503	nucleic acid library construction protocol	EFO	EFO_0004184	poly(A) mRNA isolation and library preparation was carried out with 600 ng RNA as input using the NEBNext Poly (A) mRNA magnetic isolation module (NEB; Cat# E7490L) and NEBNext Ultra II Directional RNA library preparation kit (NEB; Cat# E7760L) according to the manufacturer's instructions.				
E-MTAB-14755	E-MTAB-14755.idf.txt	4	P-MTAB-150504	nucleic acid sequencing protocol	EFO	EFO_0004170	The pool was quantified by using the KAPA Library Quantification Kit and sequenced on an Illumina NovaSeq6000 sequencer with 150+150bp protocol, in two batches targeting approximately 20 million reads.		Illumina NovaSeq 6000		
E-MTAB-14755	E-MTAB-14755.idf.txt	5	P-MTAB-150505	growth protocol	EFO	EFO_0003789	HFF (TERT-HFF; Ximbio Cat# 154459) and HUVEC (HUVEC/TERT 2; ATCC Cat# CRL-4053; RRID:CVCL_9Q53) cell lines were maintained at 37°C and 5% CO2 in a humidified incubator in (HFF:) DMEM + 10% FBS, + 1% MEM Sigma, Cat# M7145-100ml) or (HUVEC:) EGM Endothelial Cell Growth Medium BulletKit (Lonza, Cat# CC-3124) supplemented with 10% FBS and 20 µg/ml G418.				
E-MTAB-14755	E-MTAB-14755.idf.txt	6	P-MTAB-150506	treatment protocol	EFO	EFO_0003969	5x10^5 cells were seeded in 6-well plates one day before starting the SMG1i treatment. SMG1 inhibitor (SMG1i; DOI: 10.1016/j.bmcl.2012.08.107) dissolved in DMSO was added to a final concentration of 1 µM and cells were harvested 24 hours later.				
E-MTAB-14755	E-MTAB-14755.idf.txt	7	P-MTAB-150507	normalization data transformation protocol	EFO	EFO_0003816	Reads were aligned against the human genome (GRCh38, GENCODE release 42 transcript annotations supplemented with SIRVomeERCCome annotations from Lexogen; obtained from https://www.lexogen.com/sirvs/download/) using the STAR read aligner (version 2.7.10b, https://github.com/alexdobin/STAR).			STAR read aligner (version 2.7.10b)	
E-MTAB-14725	E-MTAB-14725.idf.txt	1	P-MTAB-160631	growth protocol	EFO	EFO_0003789	The N-AID-UPF1-tagged HCT116 cell line was maintained at 37°C and 5% CO2 in a humidified incubator in McCoy's 5A (Modified) Medium (Gibco), supplemented with 10% fetal bovine serum (Gibco) and 2 mM L-glutamine (Gibco).				
E-MTAB-14725	E-MTAB-14725.idf.txt	2	P-MTAB-160632	treatment protocol	EFO	EFO_0003969	5x10^6 cells were seeded per 15 cm dish one day before starting the depletion experiment. UPF1 depletion was induced with 500 µM indole-3-acetic acid (IAA; Sigma-Aldrich; Cat# I5148) for 12 hours. All cells were harvested at the same time to minimize differences in cell numbers.				
E-MTAB-14725	E-MTAB-14725.idf.txt	3	P-MTAB-160633	sample collection protocol	EFO	EFO_0005518	Cells were harvested and lysed by adding 2 ml Invitrogen™ TRIzol™ Reagent (Invitrogen; Cat# 15596018) to each plate.				
E-MTAB-14725	E-MTAB-14725.idf.txt	4	P-MTAB-160634	nucleic acid extraction protocol	EFO	EFO_0002944	Total RNA was extracted using the Direct-zol RNA MiniPrep kit (Zymo Research; Cat# R2052) including the recommended DNase I treatment according to the manufacturer's instructions. Poly(A) mRNA was purified from total RNA using the Dynabeads™ mRNA Purification Kit (Invitrogen; Cat#61006). After one round of purification according to the manufacturer’s instruction, the samples were incubated for a second round of binding to the same beads, repeating the protocol for a second time after the rebinding of the RNA to the beads. Successful enrichment for poly(A) RNA was confirmed by High Sensitivity RNA ScreenTape Analysis.				
E-MTAB-14725	E-MTAB-14725.idf.txt	5	P-MTAB-160635	nucleic acid extraction protocol	EFO	EFO_0002944	Total RNA was extracted using the Direct-zol RNA MiniPrep kit (Zymo Research; Cat# R2052) including the recommended DNase I treatment according to the manufacturer's instructions.				
E-MTAB-14725	E-MTAB-14725.idf.txt	6	P-MTAB-160636	nucleic acid library construction protocol	EFO	EFO_0004184	ONT direct RNA sequencing libraries were prepared from 300 ng of poly(A) RNA using the Direct RNA Sequencing Kit (Oxford Nanopore Technologies, #SQK-RNA004) following the manufacturer's instructions.				
E-MTAB-14725	E-MTAB-14725.idf.txt	7	P-MTAB-160637	nucleic acid library construction protocol	EFO	EFO_0004184	The PacBio Kinnex full-length RNA sequencing library was constructed from four total RNA samples. First, each sample was processed into a PacBio barcoded Iso-Seq library, starting with 420 ng of total RNA and using the Iso-Seq Express 2.0 Kit (PacBio, #103-071-500). Then, 14 ng of each Iso-Seq library was additionally amplified to introduce Kinnex overhangs at the ends of the library molecules and pooled together to prepare one Kinnex library using the Kinnex Concatenation Kit (PacBio, #103-072-000).				
E-MTAB-14725	E-MTAB-14725.idf.txt	8	P-MTAB-160638	nucleic acid sequencing protocol	EFO	EFO_0004170	Each ONT direct RNA sequencing library was loaded onto a PromethION RNA flow cell (Oxford Nanopore Technologies, #FLO-PRO004RA). Run limit was set to 72 hours, base-calling was performed with the High-accuracy model (130 bps) with the following software versions: MinKNOW (24.02.19), Bream (7.9.8), Configuration (5.9.18), Dorado (7.3.11), MinKNOW Core (5.9.12)		PromethION	MinKNOW (24.02.19), Bream (7.9.8), Configuration (5.9.18), Dorado (7.3.11), MinKNOW Core (5.9.12)	
E-MTAB-14725	E-MTAB-14725.idf.txt	9	P-MTAB-160639	nucleic acid sequencing protocol	EFO	EFO_0004170	The Kinnex full-length RNA library was loaded onto a PacBio Revio 25M SMRT Cell (PacBio, #102-202-200). Desegmentation and demultiplexing of HiFi reads were performed using SMRT Link Version 13.1.0.221970		Sequel II	SMRT Link Version 13.1.0.221970	
E-MTAB-14725	E-MTAB-14725.idf.txt	10	P-MTAB-160640	normalization data transformation protocol	EFO	EFO_0003816	Reads were aligned against the human genome (GRCh38, GENCODE release 42 transcript annotations supplemented with SIRVomeERCCome annotations from Lexogen; obtained from https://www.lexogen.com/sirvs/download/) using the minimap2 read aligner (version 2.26-r1175, https://github.com/lh3/minimap2).			minimap2 read aligner (version 2.26-r1175)	
E-MTAB-14725	E-MTAB-14725.idf.txt	1	P-MTAB-160631	growth protocol	EFO	EFO_0003789	The N-AID-UPF1-tagged HCT116 cell line was maintained at 37°C and 5% CO2 in a humidified incubator in McCoy's 5A (Modified) Medium (Gibco), supplemented with 10% fetal bovine serum (Gibco) and 2 mM L-glutamine (Gibco).				
E-MTAB-14725	E-MTAB-14725.idf.txt	2	P-MTAB-160632	treatment protocol	EFO	EFO_0003969	5x10^6 cells were seeded per 15 cm dish one day before starting the depletion experiment. UPF1 depletion was induced with 500 µM indole-3-acetic acid (IAA; Sigma-Aldrich; Cat# I5148) for 12 hours. All cells were harvested at the same time to minimize differences in cell numbers.				
E-MTAB-14725	E-MTAB-14725.idf.txt	3	P-MTAB-160633	sample collection protocol	EFO	EFO_0005518	Cells were harvested and lysed by adding 2 ml Invitrogen™ TRIzol™ Reagent (Invitrogen; Cat# 15596018) to each plate.				
E-MTAB-14725	E-MTAB-14725.idf.txt	4	P-MTAB-160634	nucleic acid extraction protocol	EFO	EFO_0002944	Total RNA was extracted using the Direct-zol RNA MiniPrep kit (Zymo Research; Cat# R2052) including the recommended DNase I treatment according to the manufacturer's instructions. Poly(A) mRNA was purified from total RNA using the Dynabeads™ mRNA Purification Kit (Invitrogen; Cat#61006). After one round of purification according to the manufacturer’s instruction, the samples were incubated for a second round of binding to the same beads, repeating the protocol for a second time after the rebinding of the RNA to the beads. Successful enrichment for poly(A) RNA was confirmed by High Sensitivity RNA ScreenTape Analysis.				
E-MTAB-14725	E-MTAB-14725.idf.txt	5	P-MTAB-160635	nucleic acid extraction protocol	EFO	EFO_0002944	Total RNA was extracted using the Direct-zol RNA MiniPrep kit (Zymo Research; Cat# R2052) including the recommended DNase I treatment according to the manufacturer's instructions.				
E-MTAB-14725	E-MTAB-14725.idf.txt	6	P-MTAB-160636	nucleic acid library construction protocol	EFO	EFO_0004184	ONT direct RNA sequencing libraries were prepared from 300 ng of poly(A) RNA using the Direct RNA Sequencing Kit (Oxford Nanopore Technologies, #SQK-RNA004) following the manufacturer's instructions.				
E-MTAB-14725	E-MTAB-14725.idf.txt	7	P-MTAB-160637	nucleic acid library construction protocol	EFO	EFO_0004184	The PacBio Kinnex full-length RNA sequencing library was constructed from four total RNA samples. First, each sample was processed into a PacBio barcoded Iso-Seq library, starting with 420 ng of total RNA and using the Iso-Seq Express 2.0 Kit (PacBio, #103-071-500). Then, 14 ng of each Iso-Seq library was additionally amplified to introduce Kinnex overhangs at the ends of the library molecules and pooled together to prepare one Kinnex library using the Kinnex Concatenation Kit (PacBio, #103-072-000).				
E-MTAB-14725	E-MTAB-14725.idf.txt	8	P-MTAB-160638	nucleic acid sequencing protocol	EFO	EFO_0004170	Each ONT direct RNA sequencing library was loaded onto a PromethION RNA flow cell (Oxford Nanopore Technologies, #FLO-PRO004RA). Run limit was set to 72 hours, base-calling was performed with the High-accuracy model (130 bps) with the following software versions: MinKNOW (24.02.19), Bream (7.9.8), Configuration (5.9.18), Dorado (7.3.11), MinKNOW Core (5.9.12)		PromethION	MinKNOW (24.02.19), Bream (7.9.8), Configuration (5.9.18), Dorado (7.3.11), MinKNOW Core (5.9.12)	
E-MTAB-14725	E-MTAB-14725.idf.txt	9	P-MTAB-160639	nucleic acid sequencing protocol	EFO	EFO_0004170	The Kinnex full-length RNA library was loaded onto a PacBio Revio 25M SMRT Cell (PacBio, #102-202-200). Desegmentation and demultiplexing of HiFi reads were performed using SMRT Link Version 13.1.0.221970		Sequel II	SMRT Link Version 13.1.0.221970	
E-MTAB-14725	E-MTAB-14725.idf.txt	10	P-MTAB-160640	normalization data transformation protocol	EFO	EFO_0003816	Reads were aligned against the human genome (GRCh38, GENCODE release 42 transcript annotations supplemented with SIRVomeERCCome annotations from Lexogen; obtained from https://www.lexogen.com/sirvs/download/) using the minimap2 read aligner (version 2.26-r1175, https://github.com/lh3/minimap2).			minimap2 read aligner (version 2.26-r1175)	
E-MTAB-13837	E-MTAB-13837.idf.txt	1	P-MTAB-156184	sample collection protocol	EFO	EFO_0005518	The cells were washed with PBS containing 100 μg ml−1 cycloheximide (Biochemika) before cell lysis. Samples were lysed in polysome buffer (100 mM Tris-HCl pH 7.4, 750 mM NaCl, 25 mM MgCl2, 1 mM dithiothreitol (DTT), 1% Triton X-100, 100 μg ml−1 cycloheximide and 25 U ml−1 Turbo DNase (Thermo Fisher Scientific)) and directly frozen in liquid nitrogen.				
E-MTAB-13837	E-MTAB-13837.idf.txt	2	P-MTAB-156185	nucleic acid extraction protocol	EFO	EFO_0002944	RNA was then digested with 2400 U ml−1 RNase I (Ambion) for 45 min in slow agitation at RT and digestion stopped with 640 U ml−1 SUPERase•In (Thermo Fisher Scientific). Monosomes were purified by size exclusion with Illustra MicroSpin S-400 HR columns (GE Healthcare) and extracted with 3 volumes of Trizol LS (Thermo Fisher Scientific), chloroform and the RNA Clean & Concentrator kit (Zymo- Research).				
E-MTAB-13837	E-MTAB-13837.idf.txt	3	P-MTAB-156186	nucleic acid library construction protocol	EFO	EFO_0004184	5000 ng of the isolated monosomes were depleted of rRNA using a RiboPool kit for Ribosome Profiling (siTOOLs Biotech). The RNA was separated on a 17% Urea PAA gel, 27–30 nt RNA fragments were eluted from the gel and 5’ extremity phosphorylated with 10 U T4 polynucleotide kinase (New England Biolabs) for 1 h at 37 °C. For library generation, the NextFlex small RNA sequencing kit (PerkinElmer) was used according to the manufacturer’s instructions.				
E-MTAB-13837	E-MTAB-13837.idf.txt	4	P-MTAB-156187	nucleic acid sequencing protocol	EFO	EFO_0004170	The pool was quantified by using the KAPA Library Quantification Kit and sequenced on an Illumina NovaSeq6000 sequencer with 2×100bp protocol.		Illumina NovaSeq 6000		
E-MTAB-13837	E-MTAB-13837.idf.txt	5	P-MTAB-156188	growth protocol	EFO	EFO_0003789	N-AID-UPF1-tagged HCT116 cell lines were maintained at 37°C and 5% CO2 in a humidified incubator in McCoy's 5A (Modified) Medium (Gibco), supplemented with 10% fetal bovine serum (Gibco) and 2 mM L-glutamine (Gibco).				
E-MTAB-13837	E-MTAB-13837.idf.txt	6	P-MTAB-156189	treatment protocol	EFO	EFO_0003969	3x10^6 cells were seeded a 10 cm dish one day before starting the depletion experiment. UPF1 depletion was induced with 500 µM indole-3-acetic acid (IAA; Sigma-Aldrich; Cat# I5148) for 12 hours. All cells were harvested at the same time to minimize differences in cell numbers.				
E-MTAB-13837	E-MTAB-13837.idf.txt	7	P-MTAB-156190	normalization data transformation protocol	EFO	EFO_0003816	Demultiplexed, adapter-trimmed FASTQ files for individual samples were merged and only read 1 was used for the analysis as follows: UMIs (random 4 bases at the 5′ and 3′ ends) were extracted with UMI-tools (version 1.1.2; https://github.com/CGATOxford/UMI-tools), length-filtered (≥ 16 & ≤ 40 nts) and mapped with Bowtie2 (version 2.5.0) against human rRNA, tRNA, miRNA and snoRNA. Unmapped reads were aligned against the human genome (GRCh38, GENCODE release 42 transcript annotations supplemented with SIRVomeERCCome annotations from Lexogen; obtained from https://www.lexogen.com/sirvs/download/) using the STAR read aligner (version 2.7.10b, https://github.com/alexdobin/STAR). Deduplication was performed using the extracted UMIs with UMI-tools.			STAR read aligner (version 2.7.10b)	
E-MTAB-13837	E-MTAB-13837.idf.txt	1	P-MTAB-156184	sample collection protocol	EFO	EFO_0005518	The cells were washed with PBS containing 100 μg ml−1 cycloheximide (Biochemika) before cell lysis. Samples were lysed in polysome buffer (100 mM Tris-HCl pH 7.4, 750 mM NaCl, 25 mM MgCl2, 1 mM dithiothreitol (DTT), 1% Triton X-100, 100 μg ml−1 cycloheximide and 25 U ml−1 Turbo DNase (Thermo Fisher Scientific)) and directly frozen in liquid nitrogen.				
E-MTAB-13837	E-MTAB-13837.idf.txt	2	P-MTAB-156185	nucleic acid extraction protocol	EFO	EFO_0002944	RNA was then digested with 2400 U ml−1 RNase I (Ambion) for 45 min in slow agitation at RT and digestion stopped with 640 U ml−1 SUPERase•In (Thermo Fisher Scientific). Monosomes were purified by size exclusion with Illustra MicroSpin S-400 HR columns (GE Healthcare) and extracted with 3 volumes of Trizol LS (Thermo Fisher Scientific), chloroform and the RNA Clean & Concentrator kit (Zymo- Research).				
E-MTAB-13837	E-MTAB-13837.idf.txt	3	P-MTAB-156186	nucleic acid library construction protocol	EFO	EFO_0004184	5000 ng of the isolated monosomes were depleted of rRNA using a RiboPool kit for Ribosome Profiling (siTOOLs Biotech). The RNA was separated on a 17% Urea PAA gel, 27–30 nt RNA fragments were eluted from the gel and 5’ extremity phosphorylated with 10 U T4 polynucleotide kinase (New England Biolabs) for 1 h at 37 °C. For library generation, the NextFlex small RNA sequencing kit (PerkinElmer) was used according to the manufacturer’s instructions.				
E-MTAB-13837	E-MTAB-13837.idf.txt	4	P-MTAB-156187	nucleic acid sequencing protocol	EFO	EFO_0004170	The pool was quantified by using the KAPA Library Quantification Kit and sequenced on an Illumina NovaSeq6000 sequencer with 2×100bp protocol.		Illumina NovaSeq 6000		
E-MTAB-13837	E-MTAB-13837.idf.txt	5	P-MTAB-156188	growth protocol	EFO	EFO_0003789	N-AID-UPF1-tagged HCT116 cell lines were maintained at 37°C and 5% CO2 in a humidified incubator in McCoy's 5A (Modified) Medium (Gibco), supplemented with 10% fetal bovine serum (Gibco) and 2 mM L-glutamine (Gibco).				
E-MTAB-13837	E-MTAB-13837.idf.txt	6	P-MTAB-156189	treatment protocol	EFO	EFO_0003969	3x10^6 cells were seeded a 10 cm dish one day before starting the depletion experiment. UPF1 depletion was induced with 500 µM indole-3-acetic acid (IAA; Sigma-Aldrich; Cat# I5148) for 12 hours. All cells were harvested at the same time to minimize differences in cell numbers.				
E-MTAB-13837	E-MTAB-13837.idf.txt	7	P-MTAB-156190	normalization data transformation protocol	EFO	EFO_0003816	Demultiplexed, adapter-trimmed FASTQ files for individual samples were merged and only read 1 was used for the analysis as follows: UMIs (random 4 bases at the 5′ and 3′ ends) were extracted with UMI-tools (version 1.1.2; https://github.com/CGATOxford/UMI-tools), length-filtered (≥ 16 & ≤ 40 nts) and mapped with Bowtie2 (version 2.5.0) against human rRNA, tRNA, miRNA and snoRNA. Unmapped reads were aligned against the human genome (GRCh38, GENCODE release 42 transcript annotations supplemented with SIRVomeERCCome annotations from Lexogen; obtained from https://www.lexogen.com/sirvs/download/) using the STAR read aligner (version 2.7.10b, https://github.com/alexdobin/STAR). Deduplication was performed using the extracted UMIs with UMI-tools.			STAR read aligner (version 2.7.10b)	
